contract,address,version_scope,source,signature,stateMutability,categories,primary_category,multi_label,access_conditions,evidence,multi_note,manual_review
Escrow,0x9abd0b8868546105F6F48298eaDC1D9c82f7f683,pre-pause implementation ABI (not current pause impl),impl_pre_pause 0x8a134e651432A902041643668940C9a9cD270633 (Sourcify match); proxy InitializableAdminUpgradeabilityProxy,DIRECTORY(),view,기타·관리자,기타·관리자,no,view,Escrow view/getter: view Governed directory,,no
Escrow,0x9abd0b8868546105F6F48298eaDC1D9c82f7f683,pre-pause implementation ABI (not current pause impl),impl_pre_pause 0x8a134e651432A902041643668940C9a9cD270633 (Sourcify match); proxy InitializableAdminUpgradeabilityProxy,G_LIQUIDATION_DISCOUNT(),view,기타·관리자,기타·관리자,no,view,Escrow view/getter: view discount,,no
Escrow,0x9abd0b8868546105F6F48298eaDC1D9c82f7f683,pre-pause implementation ABI (not current pause impl),impl_pre_pause 0x8a134e651432A902041643668940C9a9cD270633 (Sourcify match); proxy InitializableAdminUpgradeabilityProxy,G_LIQUIDITY_HAIRCUT(),view,기타·관리자,기타·관리자,no,view,Escrow view/getter: view haircut,,no
Escrow,0x9abd0b8868546105F6F48298eaDC1D9c82f7f683,pre-pause implementation ABI (not current pause impl),impl_pre_pause 0x8a134e651432A902041643668940C9a9cD270633 (Sourcify match); proxy InitializableAdminUpgradeabilityProxy,G_LIQUIDITY_TOKEN_REPO_INCENTIVE(),view,기타·관리자,기타·관리자,no,view,Escrow view/getter: view incentive,,no
Escrow,0x9abd0b8868546105F6F48298eaDC1D9c82f7f683,pre-pause implementation ABI (not current pause impl),impl_pre_pause 0x8a134e651432A902041643668940C9a9cD270633 (Sourcify match); proxy InitializableAdminUpgradeabilityProxy,G_RESERVE_ACCOUNT(),view,기타·관리자,기타·관리자,no,view,Escrow view/getter: view reserve,,no
Escrow,0x9abd0b8868546105F6F48298eaDC1D9c82f7f683,pre-pause implementation ABI (not current pause impl),impl_pre_pause 0x8a134e651432A902041643668940C9a9cD270633 (Sourcify match); proxy InitializableAdminUpgradeabilityProxy,G_SETTLEMENT_DISCOUNT(),view,기타·관리자,기타·관리자,no,view,Escrow view/getter: view discount,,no
Escrow,0x9abd0b8868546105F6F48298eaDC1D9c82f7f683,pre-pause implementation ABI (not current pause impl),impl_pre_pause 0x8a134e651432A902041643668940C9a9cD270633 (Sourcify match); proxy InitializableAdminUpgradeabilityProxy,WETH(),view,기타·관리자,기타·관리자,no,view,Escrow view/getter: view WETH,,no
Escrow,0x9abd0b8868546105F6F48298eaDC1D9c82f7f683,pre-pause implementation ABI (not current pause impl),impl_pre_pause 0x8a134e651432A902041643668940C9a9cD270633 (Sourcify match); proxy InitializableAdminUpgradeabilityProxy,"addExchangeRate(uint16,uint16,address,uint128,uint128,bool)",nonpayable,기타·관리자,기타·관리자,no,onlyOwner,Escrow.sol admin list oracle,,no
Escrow,0x9abd0b8868546105F6F48298eaDC1D9c82f7f683,pre-pause implementation ABI (not current pause impl),impl_pre_pause 0x8a134e651432A902041643668940C9a9cD270633 (Sourcify match); proxy InitializableAdminUpgradeabilityProxy,addressToCurrencyId(address),view,기타·관리자,기타·관리자,no,view,Escrow view/getter: view mapping,,no
Escrow,0x9abd0b8868546105F6F48298eaDC1D9c82f7f683,pre-pause implementation ABI (not current pause impl),impl_pre_pause 0x8a134e651432A902041643668940C9a9cD270633 (Sourcify match); proxy InitializableAdminUpgradeabilityProxy,"cashBalances(uint16,address)",view,기타·관리자,기타·관리자,no,view,Escrow view/getter: view balances,,no
Escrow,0x9abd0b8868546105F6F48298eaDC1D9c82f7f683,pre-pause implementation ABI (not current pause impl),impl_pre_pause 0x8a134e651432A902041643668940C9a9cD270633 (Sourcify match); proxy InitializableAdminUpgradeabilityProxy,convertBalancesToETH(int256[]),view,기타·관리자,기타·관리자,no,view,Escrow view/getter: view conversion via ExchangeRate,,no
Escrow,0x9abd0b8868546105F6F48298eaDC1D9c82f7f683,pre-pause implementation ABI (not current pause impl),impl_pre_pause 0x8a134e651432A902041643668940C9a9cD270633 (Sourcify match); proxy InitializableAdminUpgradeabilityProxy,currencyIdToAddress(uint16),view,기타·관리자,기타·관리자,no,view,Escrow view/getter: view mapping,,no
Escrow,0x9abd0b8868546105F6F48298eaDC1D9c82f7f683,pre-pause implementation ABI (not current pause impl),impl_pre_pause 0x8a134e651432A902041643668940C9a9cD270633 (Sourcify match); proxy InitializableAdminUpgradeabilityProxy,currencyIdToDecimals(uint16),view,기타·관리자,기타·관리자,no,view,Escrow view/getter: view decimals,,no
Escrow,0x9abd0b8868546105F6F48298eaDC1D9c82f7f683,pre-pause implementation ABI (not current pause impl),impl_pre_pause 0x8a134e651432A902041643668940C9a9cD270633 (Sourcify match); proxy InitializableAdminUpgradeabilityProxy,"deposit(address,uint128)",nonpayable,기타·관리자,기타·관리자,no,external user,"Escrow.sol deposit: increases cashBalances; collateral top-up, not fCash mint",,no
Escrow,0x9abd0b8868546105F6F48298eaDC1D9c82f7f683,pre-pause implementation ABI (not current pause impl),impl_pre_pause 0x8a134e651432A902041643668940C9a9cD270633 (Sourcify match); proxy InitializableAdminUpgradeabilityProxy,depositEth(),payable,기타·관리자,기타·관리자,no,external user payable,Escrow.sol depositEth: wrap ETH into cashBalances[0],,no
Escrow,0x9abd0b8868546105F6F48298eaDC1D9c82f7f683,pre-pause implementation ABI (not current pause impl),impl_pre_pause 0x8a134e651432A902041643668940C9a9cD270633 (Sourcify match); proxy InitializableAdminUpgradeabilityProxy,"depositIntoMarket(address,uint8,uint128,uint128)",nonpayable,신규 포지션·청구권 생성 | 수동 검토 필요,신규 포지션·청구권 생성,no,cashMarket only,Escrow.sol depositIntoMarket: moves cash into market for LP/trade,Supports new market positions; not direct user withdraw,yes
Escrow,0x9abd0b8868546105F6F48298eaDC1D9c82f7f683,pre-pause implementation ABI (not current pause impl),impl_pre_pause 0x8a134e651432A902041643668940C9a9cD270633 (Sourcify match); proxy InitializableAdminUpgradeabilityProxy,"depositsOnBehalf(address,tuple[])",payable,기타·관리자,기타·관리자,no,ERC1155Trade only,Escrow.sol depositsOnBehalf used by batchOperation before trades,,no
Escrow,0x9abd0b8868546105F6F48298eaDC1D9c82f7f683,pre-pause implementation ABI (not current pause impl),impl_pre_pause 0x8a134e651432A902041643668940C9a9cD270633 (Sourcify match); proxy InitializableAdminUpgradeabilityProxy,"exchangeRateOracles(uint16,uint16)",view,기타·관리자,기타·관리자,no,view,Escrow view/getter: view oracle,,no
Escrow,0x9abd0b8868546105F6F48298eaDC1D9c82f7f683,pre-pause implementation ABI (not current pause impl),impl_pre_pause 0x8a134e651432A902041643668940C9a9cD270633 (Sourcify match); proxy InitializableAdminUpgradeabilityProxy,getBalances(address),view,기타·관리자,기타·관리자,no,view,Escrow view/getter: view balances,,no
Escrow,0x9abd0b8868546105F6F48298eaDC1D9c82f7f683,pre-pause implementation ABI (not current pause impl),impl_pre_pause 0x8a134e651432A902041643668940C9a9cD270633 (Sourcify match); proxy InitializableAdminUpgradeabilityProxy,"getExchangeRate(uint16,uint16)",view,기타·관리자,기타·관리자,no,view,Escrow view/getter: view rate,,no
Escrow,0x9abd0b8868546105F6F48298eaDC1D9c82f7f683,pre-pause implementation ABI (not current pause impl),impl_pre_pause 0x8a134e651432A902041643668940C9a9cD270633 (Sourcify match); proxy InitializableAdminUpgradeabilityProxy,"initialize(address,address)",nonpayable,기타·관리자,기타·관리자,no,initializer,Ownable/Governed initialize overload,,no
Escrow,0x9abd0b8868546105F6F48298eaDC1D9c82f7f683,pre-pause implementation ABI (not current pause impl),impl_pre_pause 0x8a134e651432A902041643668940C9a9cD270633 (Sourcify match); proxy InitializableAdminUpgradeabilityProxy,"initialize(address,address,address,address)",nonpayable,기타·관리자,기타·관리자,no,initializer,"Escrow.sol initialize(directory,owner,registry,weth)",,no
Escrow,0x9abd0b8868546105F6F48298eaDC1D9c82f7f683,pre-pause implementation ABI (not current pause impl),impl_pre_pause 0x8a134e651432A902041643668940C9a9cD270633 (Sourcify match); proxy InitializableAdminUpgradeabilityProxy,isOwner(),view,기타·관리자,기타·관리자,no,view,Escrow view/getter: view Ownable,,no
Escrow,0x9abd0b8868546105F6F48298eaDC1D9c82f7f683,pre-pause implementation ABI (not current pause impl),impl_pre_pause 0x8a134e651432A902041643668940C9a9cD270633 (Sourcify match); proxy InitializableAdminUpgradeabilityProxy,isValidCurrency(uint16),view,기타·관리자,기타·관리자,no,view,Escrow view/getter: view,,no
Escrow,0x9abd0b8868546105F6F48298eaDC1D9c82f7f683,pre-pause implementation ABI (not current pause impl),impl_pre_pause 0x8a134e651432A902041643668940C9a9cD270633 (Sourcify match); proxy InitializableAdminUpgradeabilityProxy,"liquidate(address,uint128,uint16,uint16)",nonpayable,정산·상환,정산·상환,no,external user,Escrow.sol liquidate: recollateralize undercollateralized account,,no
Escrow,0x9abd0b8868546105F6F48298eaDC1D9c82f7f683,pre-pause implementation ABI (not current pause impl),impl_pre_pause 0x8a134e651432A902041643668940C9a9cD270633 (Sourcify match); proxy InitializableAdminUpgradeabilityProxy,"liquidateBatch(address[],uint16,uint16)",nonpayable,정산·상환,정산·상환,no,external user,Escrow.sol liquidateBatch,,no
Escrow,0x9abd0b8868546105F6F48298eaDC1D9c82f7f683,pre-pause implementation ABI (not current pause impl),impl_pre_pause 0x8a134e651432A902041643668940C9a9cD270633 (Sourcify match); proxy InitializableAdminUpgradeabilityProxy,"liquidatefCash(address,uint16,uint16)",nonpayable,정산·상환,정산·상환,no,external user,Escrow.sol liquidatefCash,,no
Escrow,0x9abd0b8868546105F6F48298eaDC1D9c82f7f683,pre-pause implementation ABI (not current pause impl),impl_pre_pause 0x8a134e651432A902041643668940C9a9cD270633 (Sourcify match); proxy InitializableAdminUpgradeabilityProxy,"listCurrency(address,tuple)",nonpayable,기타·관리자,기타·관리자,no,onlyOwner,Escrow.sol listCurrency,,no
Escrow,0x9abd0b8868546105F6F48298eaDC1D9c82f7f683,pre-pause implementation ABI (not current pause impl),impl_pre_pause 0x8a134e651432A902041643668940C9a9cD270633 (Sourcify match); proxy InitializableAdminUpgradeabilityProxy,maxCurrencyId(),view,기타·관리자,기타·관리자,no,view,Escrow view/getter: view,,no
Escrow,0x9abd0b8868546105F6F48298eaDC1D9c82f7f683,pre-pause implementation ABI (not current pause impl),impl_pre_pause 0x8a134e651432A902041643668940C9a9cD270633 (Sourcify match); proxy InitializableAdminUpgradeabilityProxy,owner(),view,기타·관리자,기타·관리자,no,view,Escrow view/getter: view Ownable,,no
Escrow,0x9abd0b8868546105F6F48298eaDC1D9c82f7f683,pre-pause implementation ABI (not current pause impl),impl_pre_pause 0x8a134e651432A902041643668940C9a9cD270633 (Sourcify match); proxy InitializableAdminUpgradeabilityProxy,"portfolioSettleCash(address,int256[])",nonpayable,정산·상환,정산·상환,no,Portfolios only,Escrow.sol portfolioSettleCash: applies matured asset settlement to cashBalances,,no
Escrow,0x9abd0b8868546105F6F48298eaDC1D9c82f7f683,pre-pause implementation ABI (not current pause impl),impl_pre_pause 0x8a134e651432A902041643668940C9a9cD270633 (Sourcify match); proxy InitializableAdminUpgradeabilityProxy,renounceOwnership(),nonpayable,기타·관리자,기타·관리자,no,onlyOwner,Ownable,,no
Escrow,0x9abd0b8868546105F6F48298eaDC1D9c82f7f683,pre-pause implementation ABI (not current pause impl),impl_pre_pause 0x8a134e651432A902041643668940C9a9cD270633 (Sourcify match); proxy InitializableAdminUpgradeabilityProxy,"setContract(uint8,address)",nonpayable,기타·관리자,기타·관리자,no,onlyOwner/Governed,Governed.setContract,,no
Escrow,0x9abd0b8868546105F6F48298eaDC1D9c82f7f683,pre-pause implementation ABI (not current pause impl),impl_pre_pause 0x8a134e651432A902041643668940C9a9cD270633 (Sourcify match); proxy InitializableAdminUpgradeabilityProxy,"setDiscounts(uint128,uint128,uint128)",nonpayable,기타·관리자,기타·관리자,no,onlyOwner,Escrow.sol setDiscounts,,no
Escrow,0x9abd0b8868546105F6F48298eaDC1D9c82f7f683,pre-pause implementation ABI (not current pause impl),impl_pre_pause 0x8a134e651432A902041643668940C9a9cD270633 (Sourcify match); proxy InitializableAdminUpgradeabilityProxy,setLiquidityHaircut(uint128),nonpayable,기타·관리자,기타·관리자,no,onlyOwner,Escrow.sol setLiquidityHaircut,,no
Escrow,0x9abd0b8868546105F6F48298eaDC1D9c82f7f683,pre-pause implementation ABI (not current pause impl),impl_pre_pause 0x8a134e651432A902041643668940C9a9cD270633 (Sourcify match); proxy InitializableAdminUpgradeabilityProxy,setReserveAccount(address),nonpayable,기타·관리자,기타·관리자,no,onlyOwner,Escrow.sol setReserveAccount,,no
Escrow,0x9abd0b8868546105F6F48298eaDC1D9c82f7f683,pre-pause implementation ABI (not current pause impl),impl_pre_pause 0x8a134e651432A902041643668940C9a9cD270633 (Sourcify match); proxy InitializableAdminUpgradeabilityProxy,"settleCashBalance(uint16,uint16,address,uint128)",nonpayable,정산·상환,정산·상환,no,external user,Escrow.sol settleCashBalance: settles negative cash vs collateral,,no
Escrow,0x9abd0b8868546105F6F48298eaDC1D9c82f7f683,pre-pause implementation ABI (not current pause impl),impl_pre_pause 0x8a134e651432A902041643668940C9a9cD270633 (Sourcify match); proxy InitializableAdminUpgradeabilityProxy,"settleCashBalanceBatch(uint16,uint16,address[],uint128[])",nonpayable,정산·상환,정산·상환,no,external user,Escrow.sol batch settleCashBalance,,no
Escrow,0x9abd0b8868546105F6F48298eaDC1D9c82f7f683,pre-pause implementation ABI (not current pause impl),impl_pre_pause 0x8a134e651432A902041643668940C9a9cD270633 (Sourcify match); proxy InitializableAdminUpgradeabilityProxy,"settleReserve(address,uint16)",nonpayable,정산·상환,정산·상환,no,external user,Escrow.sol settleReserve: settle via reserve account,,no
Escrow,0x9abd0b8868546105F6F48298eaDC1D9c82f7f683,pre-pause implementation ABI (not current pause impl),impl_pre_pause 0x8a134e651432A902041643668940C9a9cD270633 (Sourcify match); proxy InitializableAdminUpgradeabilityProxy,"settlefCash(address,uint16,uint16,uint128)",nonpayable,정산·상환,정산·상환,no,external user,Escrow.sol settlefCash: settle using fCash collateral path,,no
Escrow,0x9abd0b8868546105F6F48298eaDC1D9c82f7f683,pre-pause implementation ABI (not current pause impl),impl_pre_pause 0x8a134e651432A902041643668940C9a9cD270633 (Sourcify match); proxy InitializableAdminUpgradeabilityProxy,tokenOptions(address),view,기타·관리자,기타·관리자,no,view,Escrow view/getter: view,,no
Escrow,0x9abd0b8868546105F6F48298eaDC1D9c82f7f683,pre-pause implementation ABI (not current pause impl),impl_pre_pause 0x8a134e651432A902041643668940C9a9cD270633 (Sourcify match); proxy InitializableAdminUpgradeabilityProxy,"tokensReceived(address,address,address,uint256,bytes,bytes)",nonpayable,기타·관리자 | 수동 검토 필요,기타·관리자,no,ERC777 hook,Escrow.sol tokensReceived deposit path for ERC777,,yes
Escrow,0x9abd0b8868546105F6F48298eaDC1D9c82f7f683,pre-pause implementation ABI (not current pause impl),impl_pre_pause 0x8a134e651432A902041643668940C9a9cD270633 (Sourcify match); proxy InitializableAdminUpgradeabilityProxy,transferOwnership(address),nonpayable,기타·관리자,기타·관리자,no,onlyOwner,Ownable,,no
Escrow,0x9abd0b8868546105F6F48298eaDC1D9c82f7f683,pre-pause implementation ABI (not current pause impl),impl_pre_pause 0x8a134e651432A902041643668940C9a9cD270633 (Sourcify match); proxy InitializableAdminUpgradeabilityProxy,"unlockCurrentCash(uint16,address,int256)",nonpayable,수동 검토 필요,수동 검토 필요,no,Portfolios only,Escrow.sol unlockCurrentCash: adjusts market cashBalances; used in trade/settlement plumbing,,yes
Escrow,0x9abd0b8868546105F6F48298eaDC1D9c82f7f683,pre-pause implementation ABI (not current pause impl),impl_pre_pause 0x8a134e651432A902041643668940C9a9cD270633 (Sourcify match); proxy InitializableAdminUpgradeabilityProxy,"withdraw(address,uint128)",nonpayable,출금,출금,no,external user,"Escrow.sol withdraw→_withdraw: reduces cashBalances, transfers ERC20",,no
Escrow,0x9abd0b8868546105F6F48298eaDC1D9c82f7f683,pre-pause implementation ABI (not current pause impl),impl_pre_pause 0x8a134e651432A902041643668940C9a9cD270633 (Sourcify match); proxy InitializableAdminUpgradeabilityProxy,withdrawEth(uint128),nonpayable,출금,출금,no,external user,Escrow.sol withdrawEth→_withdrawEth: WETH.withdraw + ETH transfer,,no
Escrow,0x9abd0b8868546105F6F48298eaDC1D9c82f7f683,pre-pause implementation ABI (not current pause impl),impl_pre_pause 0x8a134e651432A902041643668940C9a9cD270633 (Sourcify match); proxy InitializableAdminUpgradeabilityProxy,"withdrawFromMarket(address,uint8,uint128,uint128)",nonpayable,출금 | 수동 검토 필요,출금,no,cashMarket only,Escrow.sol: market pulls cash from account; paired with market LP exit,Market path can accompany position changes,yes
Escrow,0x9abd0b8868546105F6F48298eaDC1D9c82f7f683,pre-pause implementation ABI (not current pause impl),impl_pre_pause 0x8a134e651432A902041643668940C9a9cD270633 (Sourcify match); proxy InitializableAdminUpgradeabilityProxy,"withdrawsOnBehalf(address,tuple[])",nonpayable,출금,출금,no,ERC1155Trade only,Escrow.sol withdrawsOnBehalf→_withdraw for batchOperationWithdraw,,no
Portfolios,0x0A4721117040ABF319b954aBF13F654505C34920,공개 소스·Sourcify 기준; 사고 직전 구현체 동일 여부는 별도 미검증,current impl from EIP-1967 slot: 0xfce1c68e7414605ff1f97d197d6ba05a6d232311 (Sourcify match),DIRECTORY(),view,기타·관리자,기타·관리자,no,view,Portfolios view: view,,no
Portfolios,0x0A4721117040ABF319b954aBF13F654505C34920,공개 소스·Sourcify 기준; 사고 직전 구현체 동일 여부는 별도 미검증,current impl from EIP-1967 slot: 0xfce1c68e7414605ff1f97d197d6ba05a6d232311 (Sourcify match),G_FCASH_HAIRCUT(),view,기타·관리자,기타·관리자,no,view,Portfolios view: view,,no
Portfolios,0x0A4721117040ABF319b954aBF13F654505C34920,공개 소스·Sourcify 기준; 사고 직전 구현체 동일 여부는 별도 미검증,current impl from EIP-1967 slot: 0xfce1c68e7414605ff1f97d197d6ba05a6d232311 (Sourcify match),G_FCASH_MAX_HAIRCUT(),view,기타·관리자,기타·관리자,no,view,Portfolios view: view,,no
Portfolios,0x0A4721117040ABF319b954aBF13F654505C34920,공개 소스·Sourcify 기준; 사고 직전 구현체 동일 여부는 별도 미검증,current impl from EIP-1967 slot: 0xfce1c68e7414605ff1f97d197d6ba05a6d232311 (Sourcify match),G_LIQUIDITY_HAIRCUT(),view,기타·관리자,기타·관리자,no,view,Portfolios view: view,,no
Portfolios,0x0A4721117040ABF319b954aBF13F654505C34920,공개 소스·Sourcify 기준; 사고 직전 구현체 동일 여부는 별도 미검증,current impl from EIP-1967 slot: 0xfce1c68e7414605ff1f97d197d6ba05a6d232311 (Sourcify match),G_MAX_ASSETS(),view,기타·관리자,기타·관리자,no,view,Portfolios view: view,,no
Portfolios,0x0A4721117040ABF319b954aBF13F654505C34920,공개 소스·Sourcify 기준; 사고 직전 구현체 동일 여부는 별도 미검증,current impl from EIP-1967 slot: 0xfce1c68e7414605ff1f97d197d6ba05a6d232311 (Sourcify match),G_NUM_CURRENCIES(),view,기타·관리자,기타·관리자,no,view,Portfolios view: view,,no
Portfolios,0x0A4721117040ABF319b954aBF13F654505C34920,공개 소스·Sourcify 기준; 사고 직전 구현체 동일 여부는 별도 미검증,current impl from EIP-1967 slot: 0xfce1c68e7414605ff1f97d197d6ba05a6d232311 (Sourcify match),cashGroups(uint8),view,기타·관리자,기타·관리자,no,view,Portfolios view: view,,no
Portfolios,0x0A4721117040ABF319b954aBF13F654505C34920,공개 소스·Sourcify 기준; 사고 직전 구현체 동일 여부는 별도 미검증,current impl from EIP-1967 slot: 0xfce1c68e7414605ff1f97d197d6ba05a6d232311 (Sourcify match),"createCashGroup(uint32,uint32,uint32,uint16,address)",nonpayable,기타·관리자 | 신규 포지션·청구권 생성,기타·관리자,yes,onlyOwner,Portfolios.sol createCashGroup: admin enables new markets/idiosyncratic groups,Admin config that enables later mint paths,no
Portfolios,0x0A4721117040ABF319b954aBF13F654505C34920,공개 소스·Sourcify 기준; 사고 직전 구현체 동일 여부는 별도 미검증,current impl from EIP-1967 slot: 0xfce1c68e7414605ff1f97d197d6ba05a6d232311 (Sourcify match),currentCashGroupId(),view,기타·관리자,기타·관리자,no,view,Portfolios view: view,,no
Portfolios,0x0A4721117040ABF319b954aBF13F654505C34920,공개 소스·Sourcify 기준; 사고 직전 구현체 동일 여부는 별도 미검증,current impl from EIP-1967 slot: 0xfce1c68e7414605ff1f97d197d6ba05a6d232311 (Sourcify match),freeCollateral(address),nonpayable,기타·관리자,기타·관리자,no,view,Portfolios view: view/calc,,no
Portfolios,0x0A4721117040ABF319b954aBF13F654505C34920,공개 소스·Sourcify 기준; 사고 직전 구현체 동일 여부는 별도 미검증,current impl from EIP-1967 slot: 0xfce1c68e7414605ff1f97d197d6ba05a6d232311 (Sourcify match),freeCollateralAggregateOnly(address),nonpayable,기타·관리자,기타·관리자,no,view,Portfolios view: view/calc,,no
Portfolios,0x0A4721117040ABF319b954aBF13F654505C34920,공개 소스·Sourcify 기준; 사고 직전 구현체 동일 여부는 별도 미검증,current impl from EIP-1967 slot: 0xfce1c68e7414605ff1f97d197d6ba05a6d232311 (Sourcify match),"freeCollateralFactors(address,uint256,uint256)",nonpayable,기타·관리자,기타·관리자,no,view,Portfolios view: view/calc,,no
Portfolios,0x0A4721117040ABF319b954aBF13F654505C34920,공개 소스·Sourcify 기준; 사고 직전 구현체 동일 여부는 별도 미검증,current impl from EIP-1967 slot: 0xfce1c68e7414605ff1f97d197d6ba05a6d232311 (Sourcify match),freeCollateralView(address),view,기타·관리자,기타·관리자,no,view,Portfolios view: view,,no
Portfolios,0x0A4721117040ABF319b954aBF13F654505C34920,공개 소스·Sourcify 기준; 사고 직전 구현체 동일 여부는 별도 미검증,current impl from EIP-1967 slot: 0xfce1c68e7414605ff1f97d197d6ba05a6d232311 (Sourcify match),freeCollateralViewAggregateOnly(address),view,기타·관리자,기타·관리자,no,view,Portfolios view: view,,no
Portfolios,0x0A4721117040ABF319b954aBF13F654505C34920,공개 소스·Sourcify 기준; 사고 직전 구현체 동일 여부는 별도 미검증,current impl from EIP-1967 slot: 0xfce1c68e7414605ff1f97d197d6ba05a6d232311 (Sourcify match),"getAsset(address,uint256)",view,기타·관리자,기타·관리자,no,view,Portfolios view: view,,no
Portfolios,0x0A4721117040ABF319b954aBF13F654505C34920,공개 소스·Sourcify 기준; 사고 직전 구현체 동일 여부는 별도 미검증,current impl from EIP-1967 slot: 0xfce1c68e7414605ff1f97d197d6ba05a6d232311 (Sourcify match),getAssets(address),view,기타·관리자,기타·관리자,no,view,Portfolios view: view,,no
Portfolios,0x0A4721117040ABF319b954aBF13F654505C34920,공개 소스·Sourcify 기준; 사고 직전 구현체 동일 여부는 별도 미검증,current impl from EIP-1967 slot: 0xfce1c68e7414605ff1f97d197d6ba05a6d232311 (Sourcify match),getCashGroup(uint8),view,기타·관리자,기타·관리자,no,view,Portfolios view: view,,no
Portfolios,0x0A4721117040ABF319b954aBF13F654505C34920,공개 소스·Sourcify 기준; 사고 직전 구현체 동일 여부는 별도 미검증,current impl from EIP-1967 slot: 0xfce1c68e7414605ff1f97d197d6ba05a6d232311 (Sourcify match),getCashGroups(uint8[]),view,기타·관리자,기타·관리자,no,view,Portfolios view: view,,no
Portfolios,0x0A4721117040ABF319b954aBF13F654505C34920,공개 소스·Sourcify 기준; 사고 직전 구현체 동일 여부는 별도 미검증,current impl from EIP-1967 slot: 0xfce1c68e7414605ff1f97d197d6ba05a6d232311 (Sourcify match),"initialize(address,address)",nonpayable,기타·관리자,기타·관리자,no,initializer,Governed initialize,,no
Portfolios,0x0A4721117040ABF319b954aBF13F654505C34920,공개 소스·Sourcify 기준; 사고 직전 구현체 동일 여부는 별도 미검증,current impl from EIP-1967 slot: 0xfce1c68e7414605ff1f97d197d6ba05a6d232311 (Sourcify match),"initialize(address,address,uint16,uint256)",nonpayable,기타·관리자,기타·관리자,no,initializer,Portfolios initialize,,no
Portfolios,0x0A4721117040ABF319b954aBF13F654505C34920,공개 소스·Sourcify 기준; 사고 직전 구현체 동일 여부는 별도 미검증,current impl from EIP-1967 slot: 0xfce1c68e7414605ff1f97d197d6ba05a6d232311 (Sourcify match),isOwner(),view,기타·관리자,기타·관리자,no,view,Portfolios view: view,,no
Portfolios,0x0A4721117040ABF319b954aBF13F654505C34920,공개 소스·Sourcify 기준; 사고 직전 구현체 동일 여부는 별도 미검증,current impl from EIP-1967 slot: 0xfce1c68e7414605ff1f97d197d6ba05a6d232311 (Sourcify match),"mintfCashPair(address,address,uint8,uint32,uint128)",nonpayable,신규 포지션·청구권 생성,신규 포지션·청구권 생성,no,ERC1155Trade only,Portfolios.sol mintfCashPair: creates paired fCash debt/credit (claim mint),,no
Portfolios,0x0A4721117040ABF319b954aBF13F654505C34920,공개 소스·Sourcify 기준; 사고 직전 구현체 동일 여부는 별도 미검증,current impl from EIP-1967 slot: 0xfce1c68e7414605ff1f97d197d6ba05a6d232311 (Sourcify match),owner(),view,기타·관리자,기타·관리자,no,view,Portfolios view: view,,no
Portfolios,0x0A4721117040ABF319b954aBF13F654505C34920,공개 소스·Sourcify 기준; 사고 직전 구현체 동일 여부는 별도 미검증,current impl from EIP-1967 slot: 0xfce1c68e7414605ff1f97d197d6ba05a6d232311 (Sourcify match),"raiseCurrentCashViaCashReceiver(address,address,uint16,uint128)",nonpayable,정산·상환 | 수동 검토 필요,정산·상환,no,Escrow liquidation/settle path,Portfolios.sol: sell fCash to raise cash,,yes
Portfolios,0x0A4721117040ABF319b954aBF13F654505C34920,공개 소스·Sourcify 기준; 사고 직전 구현체 동일 여부는 별도 미검증,current impl from EIP-1967 slot: 0xfce1c68e7414605ff1f97d197d6ba05a6d232311 (Sourcify match),"raiseCurrentCashViaLiquidityToken(address,uint16,uint128)",nonpayable,정산·상환 | 수동 검토 필요,정산·상환,no,Escrow liquidation path,Portfolios.sol: pull LP tokens to raise cash,,yes
Portfolios,0x0A4721117040ABF319b954aBF13F654505C34920,공개 소스·Sourcify 기준; 사고 직전 구현체 동일 여부는 별도 미검증,current impl from EIP-1967 slot: 0xfce1c68e7414605ff1f97d197d6ba05a6d232311 (Sourcify match),renounceOwnership(),nonpayable,기타·관리자,기타·관리자,no,onlyOwner,Ownable,,no
Portfolios,0x0A4721117040ABF319b954aBF13F654505C34920,공개 소스·Sourcify 기준; 사고 직전 구현체 동일 여부는 별도 미검증,current impl from EIP-1967 slot: 0xfce1c68e7414605ff1f97d197d6ba05a6d232311 (Sourcify match),"searchAccountAsset(address,bytes1,uint8,uint16,uint32)",view,기타·관리자,기타·관리자,no,view,Portfolios view: view,,no
Portfolios,0x0A4721117040ABF319b954aBF13F654505C34920,공개 소스·Sourcify 기준; 사고 직전 구현체 동일 여부는 별도 미검증,current impl from EIP-1967 slot: 0xfce1c68e7414605ff1f97d197d6ba05a6d232311 (Sourcify match),"setContract(uint8,address)",nonpayable,기타·관리자,기타·관리자,no,onlyOwner,Governed,,no
Portfolios,0x0A4721117040ABF319b954aBF13F654505C34920,공개 소스·Sourcify 기준; 사고 직전 구현체 동일 여부는 별도 미검증,current impl from EIP-1967 slot: 0xfce1c68e7414605ff1f97d197d6ba05a6d232311 (Sourcify match),"setHaircuts(uint128,uint128,uint128)",nonpayable,기타·관리자,기타·관리자,no,onlyOwner,Portfolios setHaircuts,,no
Portfolios,0x0A4721117040ABF319b954aBF13F654505C34920,공개 소스·Sourcify 기준; 사고 직전 구현체 동일 여부는 별도 미검증,current impl from EIP-1967 slot: 0xfce1c68e7414605ff1f97d197d6ba05a6d232311 (Sourcify match),setMaxAssets(uint256),nonpayable,기타·관리자,기타·관리자,no,onlyOwner,Portfolios setMaxAssets,,no
Portfolios,0x0A4721117040ABF319b954aBF13F654505C34920,공개 소스·Sourcify 기준; 사고 직전 구현체 동일 여부는 별도 미검증,current impl from EIP-1967 slot: 0xfce1c68e7414605ff1f97d197d6ba05a6d232311 (Sourcify match),setNumCurrencies(uint16),nonpayable,기타·관리자,기타·관리자,no,onlyOwner,Portfolios setNumCurrencies,,no
Portfolios,0x0A4721117040ABF319b954aBF13F654505C34920,공개 소스·Sourcify 기준; 사고 직전 구현체 동일 여부는 별도 미검증,current impl from EIP-1967 slot: 0xfce1c68e7414605ff1f97d197d6ba05a6d232311 (Sourcify match),settleMaturedAssets(address),nonpayable,정산·상환,정산·상환,no,public,Portfolios.sol settleMaturedAssets→cash via Escrow.portfolioSettleCash,,no
Portfolios,0x0A4721117040ABF319b954aBF13F654505C34920,공개 소스·Sourcify 기준; 사고 직전 구현체 동일 여부는 별도 미검증,current impl from EIP-1967 slot: 0xfce1c68e7414605ff1f97d197d6ba05a6d232311 (Sourcify match),settleMaturedAssetsBatch(address[]),nonpayable,정산·상환,정산·상환,no,external,Portfolios.sol settleMaturedAssetsBatch,,no
Portfolios,0x0A4721117040ABF319b954aBF13F654505C34920,공개 소스·Sourcify 기준; 사고 직전 구현체 동일 여부는 별도 미검증,current impl from EIP-1967 slot: 0xfce1c68e7414605ff1f97d197d6ba05a6d232311 (Sourcify match),"transferAccountAsset(address,address,bytes1,uint8,uint16,uint32,uint128)",nonpayable,기타·관리자 | 수동 검토 필요,기타·관리자,no,ERC1155Token only,Portfolios.sol transferAccountAsset: moves existing asset between accounts (not mint),Transfer of claims; may interact with withdraw UX via ERC1155,yes
Portfolios,0x0A4721117040ABF319b954aBF13F654505C34920,공개 소스·Sourcify 기준; 사고 직전 구현체 동일 여부는 별도 미검증,current impl from EIP-1967 slot: 0xfce1c68e7414605ff1f97d197d6ba05a6d232311 (Sourcify match),transferOwnership(address),nonpayable,기타·관리자,기타·관리자,no,onlyOwner,Ownable,,no
Portfolios,0x0A4721117040ABF319b954aBF13F654505C34920,공개 소스·Sourcify 기준; 사고 직전 구현체 동일 여부는 별도 미검증,current impl from EIP-1967 slot: 0xfce1c68e7414605ff1f97d197d6ba05a6d232311 (Sourcify match),"updateCashGroup(uint8,uint32,uint32,uint32,uint16,address)",nonpayable,기타·관리자,기타·관리자,no,onlyOwner,Portfolios.sol updateCashGroup,,no
Portfolios,0x0A4721117040ABF319b954aBF13F654505C34920,공개 소스·Sourcify 기준; 사고 직전 구현체 동일 여부는 별도 미검증,current impl from EIP-1967 slot: 0xfce1c68e7414605ff1f97d197d6ba05a6d232311 (Sourcify match),"upsertAccountAsset(address,tuple,bool)",nonpayable,신규 포지션·청구권 생성,신규 포지션·청구권 생성,no,cashMarket only,Portfolios.sol upsertAccountAsset: insert/merge portfolio asset from market,,no
Portfolios,0x0A4721117040ABF319b954aBF13F654505C34920,공개 소스·Sourcify 기준; 사고 직전 구현체 동일 여부는 별도 미검증,current impl from EIP-1967 slot: 0xfce1c68e7414605ff1f97d197d6ba05a6d232311 (Sourcify match),"upsertAccountAssetBatch(address,tuple[],bool)",nonpayable,신규 포지션·청구권 생성,신규 포지션·청구권 생성,no,cashMarket only,Portfolios.sol upsertAccountAssetBatch,,no
ERC1155Trade,0xBbA899578bd3fA3DAa863A340f5600797993eF08,공개 소스·Sourcify 기준,impl 0x6f10251649c3d0b545506a5f374b63ccdf18ceaf (Sourcify exact_match),BRIDGE_PROXY(),view,기타·관리자,기타·관리자,no,view,ERC1155Trade view/getter,,no
ERC1155Trade,0xBbA899578bd3fA3DAa863A340f5600797993eF08,공개 소스·Sourcify 기준,impl 0x6f10251649c3d0b545506a5f374b63ccdf18ceaf (Sourcify exact_match),DIRECTORY(),view,기타·관리자,기타·관리자,no,view,ERC1155Trade view/getter,,no
ERC1155Trade,0xBbA899578bd3fA3DAa863A340f5600797993eF08,공개 소스·Sourcify 기준,impl 0x6f10251649c3d0b545506a5f374b63ccdf18ceaf (Sourcify exact_match),"balanceOf(address,uint256)",view,기타·관리자,기타·관리자,no,view,ERC1155Trade view/getter,,no
ERC1155Trade,0xBbA899578bd3fA3DAa863A340f5600797993eF08,공개 소스·Sourcify 기준,impl 0x6f10251649c3d0b545506a5f374b63ccdf18ceaf (Sourcify exact_match),"balanceOfBatch(address[],uint256[])",view,기타·관리자,기타·관리자,no,view,ERC1155Trade view/getter,,no
ERC1155Trade,0xBbA899578bd3fA3DAa863A340f5600797993eF08,공개 소스·Sourcify 기준,impl 0x6f10251649c3d0b545506a5f374b63ccdf18ceaf (Sourcify exact_match),"batchOperation(address,uint32,tuple[],tuple[])",payable,신규 포지션·청구권 생성 | 수동 검토 필요,신규 포지션·청구권 생성,no,account or operator,ERC1155Trade.sol batchOperation: depositsOnBehalf + _batchTrade (may mint/trade fCash),Trade path can create positions; deposit-only increases collateral,yes
ERC1155Trade,0xBbA899578bd3fA3DAa863A340f5600797993eF08,공개 소스·Sourcify 기준,impl 0x6f10251649c3d0b545506a5f374b63ccdf18ceaf (Sourcify exact_match),"batchOperationWithdraw(address,uint32,tuple[],tuple[],tuple[])",payable,출금 | 신규 포지션·청구권 생성,출금,yes,account or operator,ERC1155Trade.sol batchOperationWithdraw: trades then withdrawsOnBehalf,Same path combines withdraw and optional new positions/trades,no
ERC1155Trade,0xBbA899578bd3fA3DAa863A340f5600797993eF08,공개 소스·Sourcify 기준,impl 0x6f10251649c3d0b545506a5f374b63ccdf18ceaf (Sourcify exact_match),decodeAssetId(uint256),pure,기타·관리자,기타·관리자,no,view,ERC1155Trade view/getter,,no
ERC1155Trade,0xBbA899578bd3fA3DAa863A340f5600797993eF08,공개 소스·Sourcify 기준,impl 0x6f10251649c3d0b545506a5f374b63ccdf18ceaf (Sourcify exact_match),"encodeAssetId(uint8,uint16,uint32,bytes1)",pure,기타·관리자,기타·관리자,no,view,ERC1155Trade view/getter,,no
ERC1155Trade,0xBbA899578bd3fA3DAa863A340f5600797993eF08,공개 소스·Sourcify 기준,impl 0x6f10251649c3d0b545506a5f374b63ccdf18ceaf (Sourcify exact_match),encodeAssetId(tuple),pure,기타·관리자,기타·관리자,no,view,ERC1155Trade view/getter,,no
ERC1155Trade,0xBbA899578bd3fA3DAa863A340f5600797993eF08,공개 소스·Sourcify 기준,impl 0x6f10251649c3d0b545506a5f374b63ccdf18ceaf (Sourcify exact_match),"initialize(address,address)",nonpayable,기타·관리자,기타·관리자,no,initializer,init,,no
ERC1155Trade,0xBbA899578bd3fA3DAa863A340f5600797993eF08,공개 소스·Sourcify 기준,impl 0x6f10251649c3d0b545506a5f374b63ccdf18ceaf (Sourcify exact_match),"isApprovedForAll(address,address)",view,기타·관리자,기타·관리자,no,view,ERC1155Trade view/getter,,no
ERC1155Trade,0xBbA899578bd3fA3DAa863A340f5600797993eF08,공개 소스·Sourcify 기준,impl 0x6f10251649c3d0b545506a5f374b63ccdf18ceaf (Sourcify exact_match),isOwner(),view,기타·관리자,기타·관리자,no,view,ERC1155Trade view/getter,,no
ERC1155Trade,0xBbA899578bd3fA3DAa863A340f5600797993eF08,공개 소스·Sourcify 기준,impl 0x6f10251649c3d0b545506a5f374b63ccdf18ceaf (Sourcify exact_match),"operators(address,address)",view,기타·관리자,기타·관리자,no,view,ERC1155Trade view/getter,,no
ERC1155Trade,0xBbA899578bd3fA3DAa863A340f5600797993eF08,공개 소스·Sourcify 기준,impl 0x6f10251649c3d0b545506a5f374b63ccdf18ceaf (Sourcify exact_match),owner(),view,기타·관리자,기타·관리자,no,view,ERC1155Trade view/getter,,no
ERC1155Trade,0xBbA899578bd3fA3DAa863A340f5600797993eF08,공개 소스·Sourcify 기준,impl 0x6f10251649c3d0b545506a5f374b63ccdf18ceaf (Sourcify exact_match),renounceOwnership(),nonpayable,기타·관리자,기타·관리자,no,onlyOwner,Ownable,,no
ERC1155Trade,0xBbA899578bd3fA3DAa863A340f5600797993eF08,공개 소스·Sourcify 기준,impl 0x6f10251649c3d0b545506a5f374b63ccdf18ceaf (Sourcify exact_match),"safeBatchTransferFrom(address,address,uint256[],uint256[],bytes)",nonpayable,기타·관리자 | 수동 검토 필요,기타·관리자,no,owner/operator,ERC1155 batch transfer,,yes
ERC1155Trade,0xBbA899578bd3fA3DAa863A340f5600797993eF08,공개 소스·Sourcify 기준,impl 0x6f10251649c3d0b545506a5f374b63ccdf18ceaf (Sourcify exact_match),"safeTransferFrom(address,address,uint256,uint256,bytes)",nonpayable,기타·관리자 | 수동 검토 필요,기타·관리자,no,owner/operator,ERC1155 transfer of fCash/LP token ids,,yes
ERC1155Trade,0xBbA899578bd3fA3DAa863A340f5600797993eF08,공개 소스·Sourcify 기준,impl 0x6f10251649c3d0b545506a5f374b63ccdf18ceaf (Sourcify exact_match),"setApprovalForAll(address,bool)",nonpayable,기타·관리자,기타·관리자,no,user,ERC1155 approval,,no
ERC1155Trade,0xBbA899578bd3fA3DAa863A340f5600797993eF08,공개 소스·Sourcify 기준,impl 0x6f10251649c3d0b545506a5f374b63ccdf18ceaf (Sourcify exact_match),setBridgeProxy(address),nonpayable,기타·관리자,기타·관리자,no,onlyOwner,admin,,no
ERC1155Trade,0xBbA899578bd3fA3DAa863A340f5600797993eF08,공개 소스·Sourcify 기준,impl 0x6f10251649c3d0b545506a5f374b63ccdf18ceaf (Sourcify exact_match),"setContract(uint8,address)",nonpayable,기타·관리자,기타·관리자,no,onlyOwner,Governed,,no
ERC1155Trade,0xBbA899578bd3fA3DAa863A340f5600797993eF08,공개 소스·Sourcify 기준,impl 0x6f10251649c3d0b545506a5f374b63ccdf18ceaf (Sourcify exact_match),supportsInterface(bytes4),view,기타·관리자,기타·관리자,no,view,ERC1155Trade view/getter,,no
ERC1155Trade,0xBbA899578bd3fA3DAa863A340f5600797993eF08,공개 소스·Sourcify 기준,impl 0x6f10251649c3d0b545506a5f374b63ccdf18ceaf (Sourcify exact_match),transferOwnership(address),nonpayable,기타·관리자,기타·관리자,no,onlyOwner,Ownable,,no
ERC1155Token,0x3a31b8121D810B1D7b3004f94f205E6DFC1bf8d9,공개 소스·Sourcify 기준,impl 0xd1d5e903d0420d00b30c1a8a344000d8a4f6df8f (Sourcify exact_match),DIRECTORY(),view,기타·관리자,기타·관리자,no,view,ERC1155Token view,,no
ERC1155Token,0x3a31b8121D810B1D7b3004f94f205E6DFC1bf8d9,공개 소스·Sourcify 기준,impl 0xd1d5e903d0420d00b30c1a8a344000d8a4f6df8f (Sourcify exact_match),"balanceOf(address,uint256)",view,기타·관리자,기타·관리자,no,view,ERC1155Token view,,no
ERC1155Token,0x3a31b8121D810B1D7b3004f94f205E6DFC1bf8d9,공개 소스·Sourcify 기준,impl 0xd1d5e903d0420d00b30c1a8a344000d8a4f6df8f (Sourcify exact_match),"balanceOfBatch(address[],uint256[])",view,기타·관리자,기타·관리자,no,view,ERC1155Token view,,no
ERC1155Token,0x3a31b8121D810B1D7b3004f94f205E6DFC1bf8d9,공개 소스·Sourcify 기준,impl 0xd1d5e903d0420d00b30c1a8a344000d8a4f6df8f (Sourcify exact_match),decodeAssetId(uint256),pure,기타·관리자,기타·관리자,no,view,ERC1155Token view,,no
ERC1155Token,0x3a31b8121D810B1D7b3004f94f205E6DFC1bf8d9,공개 소스·Sourcify 기준,impl 0xd1d5e903d0420d00b30c1a8a344000d8a4f6df8f (Sourcify exact_match),"encodeAssetId(uint8,uint16,uint32,bytes1)",pure,기타·관리자,기타·관리자,no,view,ERC1155Token view,,no
ERC1155Token,0x3a31b8121D810B1D7b3004f94f205E6DFC1bf8d9,공개 소스·Sourcify 기준,impl 0xd1d5e903d0420d00b30c1a8a344000d8a4f6df8f (Sourcify exact_match),encodeAssetId(tuple),pure,기타·관리자,기타·관리자,no,view,ERC1155Token view,,no
ERC1155Token,0x3a31b8121D810B1D7b3004f94f205E6DFC1bf8d9,공개 소스·Sourcify 기준,impl 0xd1d5e903d0420d00b30c1a8a344000d8a4f6df8f (Sourcify exact_match),"initialize(address,address)",nonpayable,기타·관리자,기타·관리자,no,initializer,init,,no
ERC1155Token,0x3a31b8121D810B1D7b3004f94f205E6DFC1bf8d9,공개 소스·Sourcify 기준,impl 0xd1d5e903d0420d00b30c1a8a344000d8a4f6df8f (Sourcify exact_match),"isApprovedForAll(address,address)",view,기타·관리자,기타·관리자,no,view,ERC1155Token view,,no
ERC1155Token,0x3a31b8121D810B1D7b3004f94f205E6DFC1bf8d9,공개 소스·Sourcify 기준,impl 0xd1d5e903d0420d00b30c1a8a344000d8a4f6df8f (Sourcify exact_match),isOwner(),view,기타·관리자,기타·관리자,no,view,ERC1155Token view,,no
ERC1155Token,0x3a31b8121D810B1D7b3004f94f205E6DFC1bf8d9,공개 소스·Sourcify 기준,impl 0xd1d5e903d0420d00b30c1a8a344000d8a4f6df8f (Sourcify exact_match),"operators(address,address)",view,기타·관리자,기타·관리자,no,view,ERC1155Token view,,no
ERC1155Token,0x3a31b8121D810B1D7b3004f94f205E6DFC1bf8d9,공개 소스·Sourcify 기준,impl 0xd1d5e903d0420d00b30c1a8a344000d8a4f6df8f (Sourcify exact_match),owner(),view,기타·관리자,기타·관리자,no,view,ERC1155Token view,,no
ERC1155Token,0x3a31b8121D810B1D7b3004f94f205E6DFC1bf8d9,공개 소스·Sourcify 기준,impl 0xd1d5e903d0420d00b30c1a8a344000d8a4f6df8f (Sourcify exact_match),renounceOwnership(),nonpayable,기타·관리자,기타·관리자,no,onlyOwner,Ownable,,no
ERC1155Token,0x3a31b8121D810B1D7b3004f94f205E6DFC1bf8d9,공개 소스·Sourcify 기준,impl 0xd1d5e903d0420d00b30c1a8a344000d8a4f6df8f (Sourcify exact_match),"safeBatchTransferFrom(address,address,uint256[],uint256[],bytes)",nonpayable,기타·관리자 | 수동 검토 필요,기타·관리자,no,owner/operator,ERC1155 batch,,yes
ERC1155Token,0x3a31b8121D810B1D7b3004f94f205E6DFC1bf8d9,공개 소스·Sourcify 기준,impl 0xd1d5e903d0420d00b30c1a8a344000d8a4f6df8f (Sourcify exact_match),"safeTransferFrom(address,address,uint256,uint256,bytes)",nonpayable,기타·관리자 | 수동 검토 필요,기타·관리자,no,owner/operator,ERC1155Token→Portfolios.transferAccountAsset,,yes
ERC1155Token,0x3a31b8121D810B1D7b3004f94f205E6DFC1bf8d9,공개 소스·Sourcify 기준,impl 0xd1d5e903d0420d00b30c1a8a344000d8a4f6df8f (Sourcify exact_match),"setApprovalForAll(address,bool)",nonpayable,기타·관리자,기타·관리자,no,user,approval,,no
ERC1155Token,0x3a31b8121D810B1D7b3004f94f205E6DFC1bf8d9,공개 소스·Sourcify 기준,impl 0xd1d5e903d0420d00b30c1a8a344000d8a4f6df8f (Sourcify exact_match),"setContract(uint8,address)",nonpayable,기타·관리자,기타·관리자,no,onlyOwner,Governed,,no
ERC1155Token,0x3a31b8121D810B1D7b3004f94f205E6DFC1bf8d9,공개 소스·Sourcify 기준,impl 0xd1d5e903d0420d00b30c1a8a344000d8a4f6df8f (Sourcify exact_match),supportsInterface(bytes4),view,기타·관리자,기타·관리자,no,view,ERC1155Token view,,no
ERC1155Token,0x3a31b8121D810B1D7b3004f94f205E6DFC1bf8d9,공개 소스·Sourcify 기준,impl 0xd1d5e903d0420d00b30c1a8a344000d8a4f6df8f (Sourcify exact_match),transferOwnership(address),nonpayable,기타·관리자,기타·관리자,no,onlyOwner,Ownable,,no
Directory,0xdce848258dFB1bBf34C346Fbe40F10F8a42d2526,공개 소스·Sourcify 기준,impl 0x525a93c4682af10519be9bea242f2f75d44305e3 (Sourcify exact_match),contracts(uint256),view,기타·관리자,기타·관리자,no,view,Directory view,,no
Directory,0xdce848258dFB1bBf34C346Fbe40F10F8a42d2526,공개 소스·Sourcify 기준,impl 0x525a93c4682af10519be9bea242f2f75d44305e3 (Sourcify exact_match),getContracts(uint8[]),view,기타·관리자,기타·관리자,no,view,Directory view,,no
Directory,0xdce848258dFB1bBf34C346Fbe40F10F8a42d2526,공개 소스·Sourcify 기준,impl 0x525a93c4682af10519be9bea242f2f75d44305e3 (Sourcify exact_match),initialize(address),nonpayable,기타·관리자,기타·관리자,no,initializer,Directory initialize,,no
Directory,0xdce848258dFB1bBf34C346Fbe40F10F8a42d2526,공개 소스·Sourcify 기준,impl 0x525a93c4682af10519be9bea242f2f75d44305e3 (Sourcify exact_match),isOwner(),view,기타·관리자,기타·관리자,no,view,Directory view,,no
Directory,0xdce848258dFB1bBf34C346Fbe40F10F8a42d2526,공개 소스·Sourcify 기준,impl 0x525a93c4682af10519be9bea242f2f75d44305e3 (Sourcify exact_match),owner(),view,기타·관리자,기타·관리자,no,view,Directory view,,no
Directory,0xdce848258dFB1bBf34C346Fbe40F10F8a42d2526,공개 소스·Sourcify 기준,impl 0x525a93c4682af10519be9bea242f2f75d44305e3 (Sourcify exact_match),renounceOwnership(),nonpayable,기타·관리자,기타·관리자,no,onlyOwner,Ownable,,no
Directory,0xdce848258dFB1bBf34C346Fbe40F10F8a42d2526,공개 소스·Sourcify 기준,impl 0x525a93c4682af10519be9bea242f2f75d44305e3 (Sourcify exact_match),"setContract(uint8,address)",nonpayable,기타·관리자,기타·관리자,no,onlyOwner,Directory setContract,,no
Directory,0xdce848258dFB1bBf34C346Fbe40F10F8a42d2526,공개 소스·Sourcify 기준,impl 0x525a93c4682af10519be9bea242f2f75d44305e3 (Sourcify exact_match),"setDependencies(uint8,uint8[])",nonpayable,기타·관리자,기타·관리자,no,onlyOwner,Directory setDependencies,,no
Directory,0xdce848258dFB1bBf34C346Fbe40F10F8a42d2526,공개 소스·Sourcify 기준,impl 0x525a93c4682af10519be9bea242f2f75d44305e3 (Sourcify exact_match),transferOwnership(address),nonpayable,기타·관리자,기타·관리자,no,onlyOwner,Ownable,,no
EscrowPauseImpl,0x7885484Eb568275C45FFF07415c5430Dac682848,사고 후 업그레이드 구현체 — pre-incident ABI와 구분,Post-exploit pause/UUPS impl (Sourcify exact_match verifiedAt 2026-09-04),owner(),view,기타·관리자,기타·관리자,no,view,Post-pause EmptyProxy-style impl (Sourcify 2026-09-04),,no
EscrowPauseImpl,0x7885484Eb568275C45FFF07415c5430Dac682848,사고 후 업그레이드 구현체 — pre-incident ABI와 구분,Post-exploit pause/UUPS impl (Sourcify exact_match verifiedAt 2026-09-04),proxiableUUID(),view,기타·관리자,기타·관리자,no,view,UUPS uuid,,no
EscrowPauseImpl,0x7885484Eb568275C45FFF07415c5430Dac682848,사고 후 업그레이드 구현체 — pre-incident ABI와 구분,Post-exploit pause/UUPS impl (Sourcify exact_match verifiedAt 2026-09-04),"transferTo(address,address,uint256)",nonpayable,출금 | 수동 검토 필요,출금,no,onlyOwner?,Post-pause rescue/transfer; not pre-incident Escrow withdraw API,,yes
EscrowPauseImpl,0x7885484Eb568275C45FFF07415c5430Dac682848,사고 후 업그레이드 구현체 — pre-incident ABI와 구분,Post-exploit pause/UUPS impl (Sourcify exact_match verifiedAt 2026-09-04),upgradeTo(address),nonpayable,기타·관리자,기타·관리자,no,owner,UUPS upgrade,,no
EscrowPauseImpl,0x7885484Eb568275C45FFF07415c5430Dac682848,사고 후 업그레이드 구현체 — pre-incident ABI와 구분,Post-exploit pause/UUPS impl (Sourcify exact_match verifiedAt 2026-09-04),"upgradeToAndCall(address,bytes)",payable,기타·관리자,기타·관리자,no,owner,UUPS upgrade,,no
CashMarket,0x307885bb78D490cF9198D678F8B2D1058D741F93,공개 소스·Sourcify 기준 (인스턴스별 시장 주소는 cashGroups에 연결),cashMarketLogic Sourcify exact_match; mainnet.json,CASH_GROUP(),view,기타·관리자,기타·관리자,no,view,CashMarket view/admin/init,,no
CashMarket,0x307885bb78D490cF9198D678F8B2D1058D741F93,공개 소스·Sourcify 기준 (인스턴스별 시장 주소는 cashGroups에 연결),cashMarketLogic Sourcify exact_match; mainnet.json,DIRECTORY(),view,기타·관리자,기타·관리자,no,view,CashMarket view/admin/init,,no
CashMarket,0x307885bb78D490cF9198D678F8B2D1058D741F93,공개 소스·Sourcify 기준 (인스턴스별 시장 주소는 cashGroups에 연결),cashMarketLogic Sourcify exact_match; mainnet.json,G_LIQUIDITY_FEE(),view,기타·관리자,기타·관리자,no,view,CashMarket view/admin/init,,no
CashMarket,0x307885bb78D490cF9198D678F8B2D1058D741F93,공개 소스·Sourcify 기준 (인스턴스별 시장 주소는 cashGroups에 연결),cashMarketLogic Sourcify exact_match; mainnet.json,G_MATURITY_LENGTH(),view,기타·관리자,기타·관리자,no,view,CashMarket view/admin/init,,no
CashMarket,0x307885bb78D490cF9198D678F8B2D1058D741F93,공개 소스·Sourcify 기준 (인스턴스별 시장 주소는 cashGroups에 연결),cashMarketLogic Sourcify exact_match; mainnet.json,G_MAX_TRADE_SIZE(),view,기타·관리자,기타·관리자,no,view,CashMarket view/admin/init,,no
CashMarket,0x307885bb78D490cF9198D678F8B2D1058D741F93,공개 소스·Sourcify 기준 (인스턴스별 시장 주소는 cashGroups에 연결),cashMarketLogic Sourcify exact_match; mainnet.json,G_NUM_MATURITIES(),view,기타·관리자,기타·관리자,no,view,CashMarket view/admin/init,,no
CashMarket,0x307885bb78D490cF9198D678F8B2D1058D741F93,공개 소스·Sourcify 기준 (인스턴스별 시장 주소는 cashGroups에 연결),cashMarketLogic Sourcify exact_match; mainnet.json,G_RATE_ANCHOR(),view,기타·관리자,기타·관리자,no,view,CashMarket view/admin/init,,no
CashMarket,0x307885bb78D490cF9198D678F8B2D1058D741F93,공개 소스·Sourcify 기준 (인스턴스별 시장 주소는 cashGroups에 연결),cashMarketLogic Sourcify exact_match; mainnet.json,G_RATE_SCALAR(),view,기타·관리자,기타·관리자,no,view,CashMarket view/admin/init,,no
CashMarket,0x307885bb78D490cF9198D678F8B2D1058D741F93,공개 소스·Sourcify 기준 (인스턴스별 시장 주소는 cashGroups에 연결),cashMarketLogic Sourcify exact_match; mainnet.json,G_TRANSACTION_FEE(),view,기타·관리자,기타·관리자,no,view,CashMarket view/admin/init,,no
CashMarket,0x307885bb78D490cF9198D678F8B2D1058D741F93,공개 소스·Sourcify 기준 (인스턴스별 시장 주소는 cashGroups에 연결),cashMarketLogic Sourcify exact_match; mainnet.json,"addLiquidity(uint32,uint128,uint128,uint32,uint32,uint32)",nonpayable,신규 포지션·청구권 생성,신규 포지션·청구권 생성,no,user,CashMarket addLiquidity: mints LP/fCash market position,,no
CashMarket,0x307885bb78D490cF9198D678F8B2D1058D741F93,공개 소스·Sourcify 기준 (인스턴스별 시장 주소는 cashGroups에 연결),cashMarketLogic Sourcify exact_match; mainnet.json,"addLiquidityOnBehalf(address,uint32,uint128,uint128,uint32,uint32)",nonpayable,신규 포지션·청구권 생성,신규 포지션·청구권 생성,no,authorized,addLiquidity on behalf,,no
CashMarket,0x307885bb78D490cF9198D678F8B2D1058D741F93,공개 소스·Sourcify 기준 (인스턴스별 시장 주소는 cashGroups에 연결),cashMarketLogic Sourcify exact_match; mainnet.json,getActiveMaturities(),view,기타·관리자,기타·관리자,no,view,CashMarket view/admin/init,,no
CashMarket,0x307885bb78D490cF9198D678F8B2D1058D741F93,공개 소스·Sourcify 기준 (인스턴스별 시장 주소는 cashGroups에 연결),cashMarketLogic Sourcify exact_match; mainnet.json,"getCurrentCashTofCash(uint32,uint128)",view,기타·관리자,기타·관리자,no,view,CashMarket view/admin/init,,no
CashMarket,0x307885bb78D490cF9198D678F8B2D1058D741F93,공개 소스·Sourcify 기준 (인스턴스별 시장 주소는 cashGroups에 연결),cashMarketLogic Sourcify exact_match; mainnet.json,"getCurrentCashTofCashAtTime(uint32,uint128,uint32)",view,기타·관리자,기타·관리자,no,view,CashMarket view/admin/init,,no
CashMarket,0x307885bb78D490cF9198D678F8B2D1058D741F93,공개 소스·Sourcify 기준 (인스턴스별 시장 주소는 cashGroups에 연결),cashMarketLogic Sourcify exact_match; mainnet.json,getMarket(uint32),view,기타·관리자,기타·관리자,no,view,CashMarket view/admin/init,,no
CashMarket,0x307885bb78D490cF9198D678F8B2D1058D741F93,공개 소스·Sourcify 기준 (인스턴스별 시장 주소는 cashGroups에 연결),cashMarketLogic Sourcify exact_match; mainnet.json,getMarketRates(),view,기타·관리자,기타·관리자,no,view,CashMarket view/admin/init,,no
CashMarket,0x307885bb78D490cF9198D678F8B2D1058D741F93,공개 소스·Sourcify 기준 (인스턴스별 시장 주소는 cashGroups에 연결),cashMarketLogic Sourcify exact_match; mainnet.json,getRate(uint32),view,기타·관리자,기타·관리자,no,view,CashMarket view/admin/init,,no
CashMarket,0x307885bb78D490cF9198D678F8B2D1058D741F93,공개 소스·Sourcify 기준 (인스턴스별 시장 주소는 cashGroups에 연결),cashMarketLogic Sourcify exact_match; mainnet.json,"getfCashToCurrentCash(uint32,uint128)",view,기타·관리자,기타·관리자,no,view,CashMarket view/admin/init,,no
CashMarket,0x307885bb78D490cF9198D678F8B2D1058D741F93,공개 소스·Sourcify 기준 (인스턴스별 시장 주소는 cashGroups에 연결),cashMarketLogic Sourcify exact_match; mainnet.json,"getfCashToCurrentCashAtTime(uint32,uint128,uint32)",view,기타·관리자,기타·관리자,no,view,CashMarket view/admin/init,,no
CashMarket,0x307885bb78D490cF9198D678F8B2D1058D741F93,공개 소스·Sourcify 기준 (인스턴스별 시장 주소는 cashGroups에 연결),cashMarketLogic Sourcify exact_match; mainnet.json,"initialize(address,address)",nonpayable,기타·관리자,기타·관리자,no,nonpayable,CashMarket view/admin/init,,no
CashMarket,0x307885bb78D490cF9198D678F8B2D1058D741F93,공개 소스·Sourcify 기준 (인스턴스별 시장 주소는 cashGroups에 연결),cashMarketLogic Sourcify exact_match; mainnet.json,initializeDependencies(),nonpayable,기타·관리자,기타·관리자,no,nonpayable,CashMarket view/admin/init,,no
CashMarket,0x307885bb78D490cF9198D678F8B2D1058D741F93,공개 소스·Sourcify 기준 (인스턴스별 시장 주소는 cashGroups에 연결),cashMarketLogic Sourcify exact_match; mainnet.json,isOwner(),view,기타·관리자,기타·관리자,no,view,CashMarket view/admin/init,,no
CashMarket,0x307885bb78D490cF9198D678F8B2D1058D741F93,공개 소스·Sourcify 기준 (인스턴스별 시장 주소는 cashGroups에 연결),cashMarketLogic Sourcify exact_match; mainnet.json,markets(uint32),view,기타·관리자,기타·관리자,no,view,CashMarket view/admin/init,,no
CashMarket,0x307885bb78D490cF9198D678F8B2D1058D741F93,공개 소스·Sourcify 기준 (인스턴스별 시장 주소는 cashGroups에 연결),cashMarketLogic Sourcify exact_match; mainnet.json,owner(),view,기타·관리자,기타·관리자,no,view,CashMarket view/admin/init,,no
CashMarket,0x307885bb78D490cF9198D678F8B2D1058D741F93,공개 소스·Sourcify 기준 (인스턴스별 시장 주소는 cashGroups에 연결),cashMarketLogic Sourcify exact_match; mainnet.json,"removeLiquidity(uint32,uint128,uint32)",nonpayable,출금 | 정산·상환,출금,yes,user,"removeLiquidity: burns LP, returns cash/fCash",Exit path — withdraw-like + settle components,no
CashMarket,0x307885bb78D490cF9198D678F8B2D1058D741F93,공개 소스·Sourcify 기준 (인스턴스별 시장 주소는 cashGroups에 연결),cashMarketLogic Sourcify exact_match; mainnet.json,"removeLiquidityOnBehalf(address,uint32,uint128)",nonpayable,출금 | 정산·상환,출금,yes,authorized,removeLiquidity on behalf,Exit path,no
CashMarket,0x307885bb78D490cF9198D678F8B2D1058D741F93,공개 소스·Sourcify 기준 (인스턴스별 시장 주소는 cashGroups에 연결),cashMarketLogic Sourcify exact_match; mainnet.json,renounceOwnership(),nonpayable,기타·관리자,기타·관리자,no,nonpayable,CashMarket view/admin/init,,no
CashMarket,0x307885bb78D490cF9198D678F8B2D1058D741F93,공개 소스·Sourcify 기준 (인스턴스별 시장 주소는 cashGroups에 연결),cashMarketLogic Sourcify exact_match; mainnet.json,"setContract(uint8,address)",nonpayable,기타·관리자,기타·관리자,no,nonpayable,CashMarket view/admin/init,,no
CashMarket,0x307885bb78D490cF9198D678F8B2D1058D741F93,공개 소스·Sourcify 기준 (인스턴스별 시장 주소는 cashGroups에 연결),cashMarketLogic Sourcify exact_match; mainnet.json,"setFee(uint32,uint128)",nonpayable,기타·관리자,기타·관리자,no,nonpayable,CashMarket view/admin/init,,no
CashMarket,0x307885bb78D490cF9198D678F8B2D1058D741F93,공개 소스·Sourcify 기준 (인스턴스별 시장 주소는 cashGroups에 연결),cashMarketLogic Sourcify exact_match; mainnet.json,setMaxTradeSize(uint128),nonpayable,기타·관리자,기타·관리자,no,nonpayable,CashMarket view/admin/init,,no
CashMarket,0x307885bb78D490cF9198D678F8B2D1058D741F93,공개 소스·Sourcify 기준 (인스턴스별 시장 주소는 cashGroups에 연결),cashMarketLogic Sourcify exact_match; mainnet.json,"setParameters(uint8,uint16,uint32,uint32,uint32,uint32)",nonpayable,기타·관리자,기타·관리자,no,nonpayable,CashMarket view/admin/init,,no
CashMarket,0x307885bb78D490cF9198D678F8B2D1058D741F93,공개 소스·Sourcify 기준 (인스턴스별 시장 주소는 cashGroups에 연결),cashMarketLogic Sourcify exact_match; mainnet.json,"setRateFactors(uint32,uint16)",nonpayable,기타·관리자,기타·관리자,no,nonpayable,CashMarket view/admin/init,,no
CashMarket,0x307885bb78D490cF9198D678F8B2D1058D741F93,공개 소스·Sourcify 기준 (인스턴스별 시장 주소는 cashGroups에 연결),cashMarketLogic Sourcify exact_match; mainnet.json,"settleLiquidityToken(address,uint128,uint32)",nonpayable,정산·상환,정산·상환,no,settlement path,settle matured LP token,,no
CashMarket,0x307885bb78D490cF9198D678F8B2D1058D741F93,공개 소스·Sourcify 기준 (인스턴스별 시장 주소는 cashGroups에 연결),cashMarketLogic Sourcify exact_match; mainnet.json,"takeCurrentCash(uint32,uint128,uint32,uint32)",nonpayable,신규 포지션·청구권 생성 | 수동 검토 필요,신규 포지션·청구권 생성,no,user,trade: take cash from market vs fCash,,yes
CashMarket,0x307885bb78D490cF9198D678F8B2D1058D741F93,공개 소스·Sourcify 기준 (인스턴스별 시장 주소는 cashGroups에 연결),cashMarketLogic Sourcify exact_match; mainnet.json,"takeCurrentCashOnBehalf(address,uint32,uint128,uint32)",nonpayable,신규 포지션·청구권 생성 | 수동 검토 필요,신규 포지션·청구권 생성,no,authorized,takeCurrentCash on behalf,,yes
CashMarket,0x307885bb78D490cF9198D678F8B2D1058D741F93,공개 소스·Sourcify 기준 (인스턴스별 시장 주소는 cashGroups에 연결),cashMarketLogic Sourcify exact_match; mainnet.json,"takefCash(uint32,uint128,uint32,uint128)",nonpayable,신규 포지션·청구권 생성 | 수동 검토 필요,신규 포지션·청구권 생성,no,user,trade: take fCash from market,,yes
CashMarket,0x307885bb78D490cF9198D678F8B2D1058D741F93,공개 소스·Sourcify 기준 (인스턴스별 시장 주소는 cashGroups에 연결),cashMarketLogic Sourcify exact_match; mainnet.json,"takefCashOnBehalf(address,uint32,uint128,uint32)",nonpayable,신규 포지션·청구권 생성 | 수동 검토 필요,신규 포지션·청구권 생성,no,authorized,takefCash on behalf,,yes
CashMarket,0x307885bb78D490cF9198D678F8B2D1058D741F93,공개 소스·Sourcify 기준 (인스턴스별 시장 주소는 cashGroups에 연결),cashMarketLogic Sourcify exact_match; mainnet.json,"tradeCashReceiver(address,uint128,uint128,uint32)",nonpayable,신규 포지션·청구권 생성 | 수동 검토 필요,신규 포지션·청구권 생성,no,Portfolios/internal path,tradeCashReceiver used in portfolio cash raise,,yes
CashMarket,0x307885bb78D490cF9198D678F8B2D1058D741F93,공개 소스·Sourcify 기준 (인스턴스별 시장 주소는 cashGroups에 연결),cashMarketLogic Sourcify exact_match; mainnet.json,"tradeLiquidityToken(uint128,uint128,uint32)",nonpayable,신규 포지션·청구권 생성 | 수동 검토 필요,신규 포지션·청구권 생성,no,Portfolios/internal path,tradeLiquidityToken,,yes
CashMarket,0x307885bb78D490cF9198D678F8B2D1058D741F93,공개 소스·Sourcify 기준 (인스턴스별 시장 주소는 cashGroups에 연결),cashMarketLogic Sourcify exact_match; mainnet.json,transferOwnership(address),nonpayable,기타·관리자,기타·관리자,no,nonpayable,CashMarket view/admin/init,,no
