input,unsafe_result,safe_result
0,0,0
1,1,1
-1,1,1
2^128-2,340282366920938463463374607431768211454,340282366920938463463374607431768211454
-(2^128-2),340282366920938463463374607431768211454,340282366920938463463374607431768211454
2^128-1,340282366920938463463374607431768211455,340282366920938463463374607431768211455
-(2^128-1),340282366920938463463374607431768211455,340282366920938463463374607431768211455
2^128,0,REVERT
-(2^128),0,REVERT
2^128+1,1,REVERT
-(2^128+1),1,REVERT
sum_abs(-1)+abs(-(2^128-1)),0,REVERT
